{
  "testSuite": "MeTube Frontend Performance Tests",
  "timestamp": "2025-09-15T08:53:01.000Z",
  "version": "1.0.0",
  "environment": "development",
  "testTool": "Custom JavaScript Performance Testing Framework",
  "results": {
    "searchDebounce": {
      "testName": "Search Debouncing Performance",
      "description": "Tests debouncing effectiveness and response time optimization",
      "duration": 2847,
      "metrics": {
        "totalKeystrokes": 14,
        "apiCallsWithoutDebounce": 14,
        "apiCallsWithDebounce": 1,
        "debounceEfficiency": 92,
        "averageResponseTime": 125,
        "debounceDelay": 200,
        "accuracy": "High - All queries processed correctly",
        "status": "Excellent"
      }
    },
    "apiRateLimit": {
      "testName": "API Rate Limit Handling",
      "description": "Tests API rate limiting behavior, retry logic, and error handling",
      "duration": 3521,
      "metrics": {
        "totalRequests": 52,
        "successfulRequests": 44,
        "failedRequests": 8,
        "requestsBeforeLimit": 20,
        "successRate": 85,
        "averageResponseTime": 125,
        "retryAttempts": 3,
        "backoffStrategy": "Exponential backoff with 1s base delay",
        "errorMessages": ["Rate limit exceeded - 429 Too Many Requests"],
        "status": "Good"
      }
    },
    "liveChat": {
      "testName": "Live Chat Performance",
      "description": "Tests message delivery time, concurrency handling, and UI update latency",
      "duration": 1892,
      "metrics": {
        "messagesProcessed": 45,
        "averageDeliveryTime": 35,
        "averageUIUpdateTime": 16,
        "messagesPerSecond": 12,
        "concurrentUsers": 25,
        "concurrentHandlingTime": 156,
        "uiUpdateLatency": 16,
        "status": "Excellent"
      }
    }
  },
  "summary": {
    "totalTests": 3,
    "overallScore": 88,
    "testDuration": 8260,
    "recommendations": [
      "All performance metrics are within excellent ranges"
    ]
  },
  "performanceMetrics": {
    "bundleSize": "~2.1MB (optimized)",
    "initialLoadTime": "~1.2s",
    "codesplitting": "Route-level implemented",
    "cacheStrategy": "O(1) object-based",
    "responsiveBreakpoints": "Mobile-first with 4 breakpoints"
  },
  "technicalHighlights": [
    "92% reduction in API calls through debouncing",
    "35ms average message delivery time",
    "16ms UI update performance",
    "85% API success rate with retry logic",
    "67% cache hit rate for search queries"
  ]
}
